,davies_bouldin,adjusted_rand
result,1.4943906447671096,-0.004444653514312136
