parameter_value_n_clusters,score
2,1.6072892336330535
3,1.550355939190718
4,1.5518524192666447
