,davies_bouldin,adjusted_rand
result,0.7625852836932114,0.8444001082582876
