parameter_value_n_components,score
2,0.624218761920929
3,0.61502605676651
4,0.6173972487449646
5,0.6254674792289734
6,0.6264471411705017
7,0.6175973415374756
8,0.6292387247085571
9,0.6255367994308472
