,davies_bouldin,adjusted_rand
result,0.762585283693212,0.8444001082582876
