parameter_value_n_clusters,score
2,1.4015964174070907
3,1.5994913308511645
4,1.5126165134244403
5,1.4892254810347407
6,1.4471963720622827
