,davies_bouldin,adjusted_rand
result,1.0475218370834,0.03197800684400473
