,davies_bouldin,adjusted_rand
result,1.413752328297407,0.03501244575798641
