,davies_bouldin,adjusted_rand
result,1.2605558743802086,-0.006437779872896708
