parameter_value_n_components,score
2,2.0861496925354004
3,2.084805965423584
4,2.094205617904663
5,2.0861241817474365
6,2.0886659622192383
