,davies_bouldin,adjusted_rand
result,1.4465935072712932,0.03643333651731598
