,davies_bouldin,adjusted_rand
result,0.6122997319251522,0.8444001082582876
